CNPJ Radical,Estabelecimento
21096,417
25160,195
25160,780
28986,108
28986,2070
28986,3042
37457,170
48785,172
48785,3279
57240,122
74569,100
74569,1840
74569,4946
74569,6302
80671,100
80671,614
80671,1181
80671,1262
80671,6736
80671,7384
80782,116
82024,137
95840,185
119633,113
122473,161
145602,137
153282,167
164925,178
190373,172
253137,158
253137,239
253137,409
253137,2010
253137,2100
278016,160
280273,137
280273,218
280273,2261
283822,127
303732,150
308527,188
310651,188
321975,111
322818,120
322818,3570
322818,3650
331788,119
331788,623
331788,2405
331788,3053
331788,3304
331788,5005
331788,5773
331788,6311
331788,6907
331788,9841
336701,104
341857,175
349443,192
350242,105
357038,116
357038,205
357038,540
357038,892
357038,1198
357038,1279
357038,3484
357038,4880
357038,11908
357038,12041
357038,13447
362831,103
362831,537
362831,880
362831,1185
373125,167
373732,127
386430,274
386430,355
395988,1450
416170,151
436334,102
436334,455
455984,367
455984,529
464830,170
465813,157
465813,238
465813,319
465813,408
465813,580
489050,184
489050,2985
496586,631
514820,100
514820,606
514820,797
514820,1173
532740,179
532740,250
532740,683
532740,926
543035,258
552646,181
552646,1234
570505,191
584755,180
588458,103
592603,120
592603,200
592603,2505
601731,192
606549,124
606549,2682
644907,193
655209,193
680516,124
684808,135
684808,216
700460,122
733658,102
747901,222
763251,128
763251,470
763251,713
763832,160
767144,178
767144,500
771979,282
771979,444
771979,606
774265,147
784595,113
786246,130
789312,126
789312,479
789312,630
789312,800
789312,1017
789312,1106
794161,102
794161,870
794161,951
794161,1095
794161,1176
794161,1257
794161,1338
794161,1419
806881,132
820120,135
820120,801
835301,640
835301,1107
841654,148
843966,190
843966,352
844237,400
844237,906
844237,1040
844237,1120
849898,177
853157,160
853157,836
857758,140
857758,1201
857758,2003
857758,2356
861626,192
868626,114
879252,132
891935,105
907845,165
912882,161
913443,173
913443,254
913443,688
913443,1730
924429,175
924429,256
924429,337
924429,418
924429,680
924429,760
924429,841
924429,922
938574,105
940956,173
954394,117
954394,389
954394,540
954394,621
954394,974
954716,209
969944,171
969944,252
970934,156
970934,660
970934,903
981451,157
986846,908
988303,164
990842,138
990842,308
1002612,186
1013724,132
1027335,166
1098983,103
1098983,6306
1098983,9240
1098983,17189
1127876,166
1141531,167
1144673,188
1166372,155
1166372,821
1178298,197
1178298,510
1178298,782
1178298,944
1178298,2130
1186305,607
1189830,171
1203549,227
1245906,139
1254591,196
1258944,126
1258944,2099
1261681,104
1280003,199
1287588,179
1287588,926
1294551,178
1339808,160
1340384,154
1340384,588
1350934,116
1358874,188
1358874,1311
1360869,100
1370480,145
1371416,189
1371925,101
1371925,454
1376079,112
1393074,106
1417222,177
1417222,258
1417222,339
1440590,136
1442702,198
1446396,249
1478812,100
1525162,378
1527225,163
1541283,141
1543032,104
1551272,142
1551272,819
1551272,908
1554846,136
1559964,137
1571702,198
1571702,864
1577578,178
1586212,165
1594992,195
1599436,101
1601851,314
1601851,403
1610517,165
1612795,151
1615814,101
1615814,2228
1615814,4433
1615814,6487
1616929,102
1635544,192
1637593,164
1637895,132
1637895,302
1637895,7498
1637895,8702
1637895,8893
1637895,9431
1637895,9946
1637895,10367
1637895,10600
1637895,13382
1637895,14192
1637895,14605
1637895,17701
1641045,108
1641045,299
1641045,531
1641045,612
1641045,965
1641045,1180
1641045,1341
1641045,1422
1641045,1694
1642931,156
1655350,159
1662868,110
1669679,179
1685903,116
1691944,115
1691944,204
1697279,177
1697279,924
1715975,169
1717285,149
1730520,112
1730520,899
1730520,1194
1730520,1518
1731676,118
1731676,207
1731676,460
1752556,105
1753491,104
1755087,170
1770039,150
1776765,180
1784792,103
1795995,430
1838723,127
1838723,208
1838723,1018
1838723,6672
1838723,6753
1838723,6915
1838723,7059
1838723,7130
1838723,7210
1838723,7300
1838723,7725
1838723,8454
1838723,8969
1838723,10513
1838723,10602
1838723,11323
1838723,13296
1838723,16201
1838723,17283
1838723,19227
1838723,25626
1838723,25707
1838723,25979
1838723,26355
1838723,26436
1838723,27912
1838723,28056
1838723,30891
1838723,33483
1838723,33998
1838723,34617
1838723,35001
1838723,36407
1838723,37632
1838723,38876
1838723,41311
1838723,42474
1838723,42555
1838723,43870
1838723,44337
1838723,44922
1838723,46461
1838723,47271
1838723,49487
1838723,51031
1844555,182
1844555,2045
1844555,2126
1844555,2398
1844555,2630
1844555,2800
1851716,165
1856022,110
1861489,159
1861489,400
1917818,136
1930685,138
1933349,149
1933349,572
1935393,198
1935393,279
1935393,511
1939979,120
1939979,392
1940049,197
1942223,130
1942223,483
1958324,108
1961898,127
1965363,124
1965363,477
1965363,558
1965363,1015
1998585,143
1998585,810
1998585,1204
1998585,1549
1998585,1700
1998585,1891
1998585,1972
1998585,2006
1998585,2197
2003575,193
2011086,183
2013199,118
2016440,162
2016440,20279
2016507,169
2016507,320
2016507,3850
2016507,4822
2017451,167
2025334,579
2036483,452
2036483,614
2041460,193
2041460,355
2041460,436
2041460,789
2041460,860
2041460,940
2041460,1084
2041460,1165
2041460,1246
2041460,1327
2041460,1408
2041460,1599
2041460,1670
2041460,1750
2041460,1831
2041460,1912
2041460,2056
2041460,2137
2041460,2307
2041460,2480
2041460,2560
2041460,2722
2041460,2803
2041460,2994
2041460,3028
2041460,3109
2041460,3885
2041460,4504
2041460,9140
2041460,9220
2045487,154
2045487,901
2058930,121
2068925,108
2069153,110
2095850,146
2096748,246
2097007,107
2110294,130
2119258,218
2139237,183
2139237,1902
2147467,194
2147467,275
2147467,356
2147467,518
2147467,780
2147467,860
2147467,1085
2150327,175
2150336,166
2162259,326
2162259,750
2173216,184
2214604,166
2221155,183
2221358,170
2228721,189
2234234,129
2235994,150
2235994,312
2235994,584
2236908,124
2270981,112
2279324,136
2279324,2007
2281836,137
2281836,480
2284444,121
2284444,202
2284444,393
2290277,121
2290277,636
2290277,2507
2290510,176
2290510,257
2290510,419
2292653,117
2292657,103
2300466,138
2302100,106
2302101,142
2326750,183
2328280,197
2328280,278
2329713,129
2329713,200
2329713,1605
2329713,1958
2329713,2091
2329713,2253
2329713,3063
2329713,3144
2329713,3578
2332686,143
2332686,909
2339308,191
2341467,120
2341470,144
2341494,101
2357659,125
2359572,278
2359572,359
2359572,430
2364069,391
2415408,150
2421421,111
2421421,626
2421421,707
2421421,979
2421421,1193
2421421,1789
2421421,2084
2421421,2912
2428472,175
2429732,127
2429732,399
2433691,142
2451848,162
2454348,184
2464189,107
2465954,103
2474103,119
2474103,461
2474103,542
2474103,623
2474103,895
2474103,976
2474103,1271
2474103,1514
2474103,3487
2489982,152
2489991,143
2502844,166
2508145,123
2511048,190
2534069,120
2536066,126
2536066,479
2536066,550
2536066,630
2536066,1521
2536066,1874
2536066,2331
2542120,146
2551474,157
2558157,162
2558157,243
2558157,324
2558157,405
2558157,596
2558157,677
2558157,758
2558157,839
2558157,910
2558157,1053
2558157,1134
2558157,1215
2558157,1304
2558157,1487
2558157,1568
2558157,1649
2558157,1720
2558157,1800
2558157,1991
2558157,2025
2558157,2106
2558157,2297
2558157,2378
2558157,2459
2558157,2530
2558157,2610
2558157,2700
2558157,17804
2558157,18029
2558157,30908
2558157,63164
2558157,67070
2558157,69952
2591772,170
2591772,332
2591772,685
2591772,766
2594636,134
2602726,120
2602726,200
2612907,137
2614594,156
2614911,215
2614911,304
2634915,184
2634915,508
2645941,108
2645941,450
2645941,612
2645941,965
2661790,181
2663810,153
2693750,111
2693750,626
2693750,2831
2693750,2912
2696800,114
2709992,156
2712119,112
2728677,176
2728677,338
2735385,160
2736595,173
2748305,101
2748305,616
2748323,193
2748342,110
2748342,462
2748342,896
2748357,188
2748357,340
2750988,131
2754941,146
2773531,142
2777131,105
2778274,131
2779315,104
2782918,165
2807845,119
2814286,174
2814286,255
2814497,107
2814497,298
2814497,450
2814497,530
2814497,700
2814497,883
2820966,109
2830943,177
2830943,258
2839894,133
2864417,2090
2864417,2171
2864417,2333
2864417,3062
2864417,3143
2864417,3909
2864417,4034
2864417,4204
2864417,4387
2865246,151
2865246,585
2865246,1476
2865246,2448
2884362,118
2886413,493
2895152,125
2907841,102
2914460,150
2914460,3761
2914460,4490
2914460,5039
2914460,6272
2914460,7406
2914460,8720
2914460,9298
2914460,11195
2914460,13309
2914460,21077
2918654,124
2918654,558
2918654,639
2918654,1015
2918654,1104
2918654,1287
2918654,1449
2918654,1791
2918654,1872
2924249,119
2948030,150
2948030,230
2957104,114
2957104,1277
2957518,224
2957518,305
2957518,577
2957518,739
2957518,810
2957518,909
2957518,1034
2957518,1115
2957518,1204
2957518,1387
2957518,1468
2957518,1700
2957518,1891
2986723,137
2990334,185
2990605,100
2990605,526
2990605,607
2990605,798
2990605,879
2990605,950
2990605,1174
2990605,1760
2995367,118
2998301,181
2998609,127
2998611,104
3005123,103
3006548,137
3007414,130
3013973,315
3013973,749
3029980,143
3043678,140
3049181,139
3071894,107
3080418,144
3083850,199
3083850,270
3119115,198
3119551,167
3119806,191
3123987,120
3125730,107
3125730,298
3125730,450
3132254,151
3134910,155
3191756,153
3192243,167
3196885,134
3206039,158
3207703,183
3241423,191
3249921,180
3264927,127
3281950,472
3324048,143
3327988,196
3327988,358
3327988,439
3327988,943
3331026,100
3334170,109
3336687,129
3350300,199
3359885,108
3367065,400
3368638,178
3380763,101
3380763,284
3380763,446
3380763,608
3380763,1175
3380763,1507
3384037,159
3387396,160
3398583,149
3400080,160
3445208,102
3461082,160
3461082,240
3463809,148
3463809,490
3467321,199
3471344,177
3480793,424
3480793,696
3484293,118
3497792,140
3498281,142
3503152,103
3509978,171
3523188,140
3523188,221
3529311,130
3532453,157
3545040,107
3545040,298
3559491,101
3560974,118
3568496,192
3574096,190
3574096,602
3574096,866
3582243,173
3613421,186
3625966,102
3636036,1630
3636724,114
3636724,386
3645767,166
3666421,144
3669503,142
3669753,182
3681757,186
3682232,165
3684007,168
3684669,138
3686720,221
3698870,174
3746864,145
3752385,646
3752385,727
3760713,141
3771144,130
3801328,103
3801328,367
3801905,582
3816532,190
3816532,351
3835832,116
3841700,440
3853896,140
3853896,220
3853896,573
3853896,1200
3853896,1545
3853896,4803
3853896,5370
3858331,155
3861512,130
3887324,181
3887324,262
3887324,343
3887324,505
3887324,777
3887324,939
3887324,1234
3887324,1668
3887324,1900
3887324,2044
3887324,2125
3909543,114
3928294,104
3935003,105
3938789,203
3938789,386
3938789,467
3938789,629
3941052,150
3968900,115
3982931,120
3988220,163
3989217,164
3990321,179
3994427,140
3994427,302
3994427,493
4011297,141
4011297,494
4011297,575
4011349,180
4012043,148
4028583,110
4039380,129
4039380,390
4040239,146
4045309,159
4065033,170
4065053,141
4081068,284
4099288,154
4104117,176
4104117,257
4104117,761
4123496,141
4155026,160
4155026,321
4155026,674
4156194,170
4156194,250
4171382,177
4172213,151
4176689,160
4176689,241
4176689,675
4193033,156
4206050,180
4206050,2809
4221067,107
4221067,298
4222428,130
4229761,170
4229761,502
4229761,1142
4241585,192
4241585,273
4262069,144
4283165,179
4290323,118
4298106,174
4298106,1065
4301024,131
4337168,148
4368898,106
4370282,170
4381287,106
4391491,108
4398525,188
4400995,139
4400995,309
4402277,100
4403408,165
4403408,1307
4403408,1994
4406195,125
4413977,191
4432327,193
4454120,110
4454120,462
4454120,624
4480563,185
4522335,201
4529320,194
4565361,136
4576105,144
4580927,107
4585463,113
4611818,100
4622116,113
4628426,145
4628426,226
4660028,106
4664637,133
4703272,109
4706416,180
4716366,112
4721073,123
4739720,124
4739720,205
4770484,109
4788980,190
4788980,1080
4817052,106
4817052,297
4817052,459
4821041,108
4821041,361
4854120,107
4854120,298
4869169,214
4872297,136
4872297,1612
4873690,144
4889830,172
4895728,180
4896732,162
4898857,121
4898857,202
4928297,100
4932216,146
4936921,111
4944068,180
4945341,190
4954351,192
4959142,131
4988669,194
4992587,113
4992714,184
5013050,127
5013050,470
5017780,104
5017780,1844
5021817,160
5032192,131
5032192,301
5033026,150
5053020,306
5067637,119
5106945,106
5108435,178
5110206,198
5111062,194
5120418,156
5120849,112
5133458,132
5133458,213
5133458,302
5217376,176
5252087,108
5252087,299
5265768,291
5277982,187
5290179,182
5290179,697
5325515,185
5338882,113
5350372,161
5356949,142
5356949,223
5356949,819
5362278,122
5378317,180
5378317,260
5378317,341
5378317,422
5388392,121
5388392,1365
5393925,163
5408755,143
5439635,103
5440065,171
5451496,133
5458096,150
5459177,174
5475305,173
5477054,166
5532428,107
5532428,280
5541925,163
5547514,185
5553211,175
5574041,105
5599453,108
5635291,108
5635291,299
5643160,172
5644020,119
5662773,157
5662773,238
5701847,117
5788552,120
5818423,137
5830195,110
5832555,113
5832555,385
5847800,166
5848387,154
5861238,125
5866579,193
5876349,105
5876349,296
5909988,120
5914650,166
5920319,159
5928246,141
5936089,116
5938444,196
5939467,115
5965546,109
5989781,102
5995030,107
5995840,155
6020318,110
6020318,463
6020318,625
6020318,897
6042467,180
6042467,261
6043069,189
6043130,198
6048417,100
6048417,291
6048417,453
6054647,182
6088958,162
6103827,107
6142539,161
6176436,112
6191223,240
6195776,190
6225970,171
6269953,136
6269953,489
6272793,184
6296755,161
6315338,2324
6315338,2405
6315338,3215
6315338,15060
6315338,15140
6526131,193
6538082,109
6538082,290
6538082,370
6559531,103
6628333,146
6730693,154
6730693,669
6751564,142
6840748,189
6867144,126
6886749,245
6886749,326
6886749,407
6886749,598
6929454,128
6942221,165
6942221,670
6943259,152
6943259,314
6943259,586
6956391,107
6981176,158
6981180,116
6981862,129
7000571,175
7005330,119
7006276,126
7014305,100
7032076,148
7040108,157
7040108,408
7040108,661
7040108,823
7040108,2877
7040108,3253
7040108,4306
7040108,4497
7040108,5035
7040108,5892
7040108,12597
7040108,12678
7040108,12910
7040108,13135
7040108,13305
7040108,13488
7040108,30145
7040108,30730
7041007,109
7047251,170
7049845,382
7050184,143
7108509,100
7108509,282
7108509,797
7113559,177
7114605,152
7115880,190
7128161,104
7130855,186
7144671,175
7147444,101
7147444,365
7147444,608
7147444,799
7159430,280
7171021,119
7175725,160
7175725,321
7175725,402
7175725,593
7175725,755
7175725,836
7175725,917
7175725,1050
7175725,1131
7175725,1212
7175725,1301
7175725,1484
7175725,1565
7175725,1646
7175725,1727
7175725,1808
7175725,1999
7175725,2022
7175725,2103
7175725,2294
7175725,2375
7175725,2537
7175725,2618
7175725,2880
7175725,3002
7175725,3428
7182774,120
7182774,200
7182774,391
7196033,106
7196033,2222
7196033,2303
7196033,2737
7196033,3970
7196033,4438
7196033,5400
7199490,146
7199805,155
7200194,118
7206816,115
7206816,387
7206816,700
7206816,2088
7206816,2169
7206816,2401
7206816,2673
7206816,2835
7206816,2916
7206816,3050
7206816,3211
7206816,3300
7206816,3564
7206816,3645
7206816,3998
7206816,4021
7206816,4102
7206816,4293
7206816,4374
7206816,4455
7206816,4617
7206816,4706
7206816,4889
7206816,5265
7206816,5346
7206816,6237
7206816,6407
7206816,6660
7206816,6741
7206816,7047
7206816,7128
7206816,7390
7206816,8019
7220874,5677
7220874,7025
7228182,100
7271307,176
7275920,161
7281413,130
7282377,120
7282377,7051
7282377,8104
7282783,192
7293118,102
7293118,285
7326937,109
7329386,129
7332190,789
7332190,860
7332190,940
7332190,1246
7332190,1750
7332190,3109
7350344,170
7358761,169
7358761,592
7358761,754
7358761,1300
7358761,1645
7358761,3699
7358761,4822
7358761,5128
7367055,183
7374996,144
7374996,578
7378783,190
7379546,144
7392063,180
7401436,131
7421132,136
7442711,165
7448261,118
7450031,193
7467822,126
7469183,138
7500596,138
7522191,109
7522191,281
7522191,796
7522191,877
7522191,958
7522191,1091
7522191,1172
7522191,1415
7522191,1920
7522191,2306
7522191,2659
7522191,2730
7522191,2810
7522191,2900
7522191,3035
7522191,3116
7522191,3205
7522191,3388
7522191,3469
7522191,3540
7522191,3701
7522191,4007
7522191,4198
7522191,4511
7522191,4600
7522669,192
7526557,100
7526557,886
7526557,967
7526557,1181
7526557,1262
7526557,1343
7526557,1505
7526557,1696
7526557,1858
7526557,1939
7526557,2072
7526557,2668
7526557,2749
7526557,2820
7526557,2900
7526557,3125
7526557,3559
7526557,3710
7526557,4369
7526557,4440
7526557,5683
7527737,297
7552379,191
7590753,143
7590753,224
7604556,640
7608927,158
7609993,142
7632665,167
7636657,199
7637273,190
7666567,140
7671092,180
7742285,185
7743815,100
7758028,131
7758028,1456
7758028,1537
7783064,155
7790648,158
7794384,100
7814284,107
7857217,161
7919864,150
7919864,231
7933914,154
7938461,230
7945652,148
7950702,185
7951171,145
7954091,143
7954091,1034
7954091,1115
7954091,1387
7956759,515
7956759,787
7971955,135
7986997,140
8070508,178
8070508,16686
8090788,267
8091102,171
8091102,252
8091102,333
8091102,1577
8170305,153
8199996,460
8199996,4458
8199996,5349
8201770,104
8214370,133
8220101,180
8277842,105
8285374,102
8294788,360
8304706,159
8304706,230
8320017,138
8320017,219
8324196,181
8334385,135
8334818,403
8336783,190
8343492,120
8343492,472
8365527,121
8365633,105
8386287,141
8395782,117
8395782,389
8402943,152
8402943,1477
8402943,1809
8415791,122
8415791,718
8415791,2095
8445132,139
8448951,130
8466448,107
8467115,100
8486781,188
8511719,107
8512168,198
8574411,100
8584931,196
8585033,152
8589429,178
8596854,194
8596854,275
8596854,437
8596854,518
8596854,780
8596854,1085
8596854,1166
8596854,1247
8596854,1751
8596854,1913
8596854,2480
8596854,2561
8596854,2642
8596854,3029
8596854,3371
8596854,3452
8596854,3533
8596854,4858
8596854,5072
8596854,5404
8596854,5587
8596854,5668
8596854,5820
8596854,5900
8596854,6044
8596854,6125
8596854,6630
8596854,6800
8596854,6982
8596854,7016
8596854,7105
8596854,7288
8596854,7440
8596854,7601
8596854,7792
8596854,7873
8596854,7954
8596854,8098
8596854,8179
8596854,9060
8596902,144
8620924,100
8670308,156
8684547,165
8684547,2370
8689024,101
8715757,769
8715757,2036
8715757,2540
8719139,100
8762025,134
8779349,185
8797760,183
8797760,264
8810422,134
8810422,215
8811119,156
8811226,184
8823011,183
8826596,195
8830929,150
8832031,1354
8857352,170
8862530,150
8862530,231
8862530,584
8862530,827
8862530,1041
8866382,142
8870769,172
8870769,504
8870769,920
8870769,1063
8902291,115
8902291,468
8902291,620
8904113,123
8910541,169
8910541,240
8910541,592
8972254,183
8986284,149
9038924,151
9041943,137
9090259,145
9092610,137
9095183,140
9098419,100
9098419,879
9104182,115
9116278,101
9123654,187
9169096,190
9183327,110
9195493,137
9215353,183
9215353,507
9217430,134
9231130,100
9256139,175
9258807,101
9258807,284
9294881,175
9294881,418
9313969,197
9324949,111
9325109,173
9326342,170
9336431,106
9350617,101
9381723,152
9384948,162
9384948,243
9384948,324
9387725,159
9427600,105
9479233,193
9509535,167
9538989,166
9538989,409
9571292,197
9588906,143
9688218,155
9722463,131
9769035,164
9811654,170
9991639,150
9991639,231
10142624,105
10144076,144
10144076,225
10220089,155
10255321,190
10289232,165
10308997,103
10313717,147
10313717,813
10324624,118
10339976,147
10376555,196
10376555,358
10376555,609
10376555,781
10376555,1400
10376555,1753
10376555,1834
10376555,1915
10376555,3454
10394422,142
10394422,576
10405464,131
10409062,105
10441611,129
10455047,101
10467099,190
10472968,506
10474553,130
10488065,181
10531501,158
10556018,128
10588595,100
10588595,363
10588595,878
10588595,1092
10656452,180
10656452,2123
10656452,4924
10656452,5068
10665151,112
10666522,180
10678505,163
10756910,152
10763773,183
10763773,264
10763773,345
10763773,1074
10763773,1155
10763773,1236
10811586,128
10823219,144
10827182,203
10831642,196
10835932,108
10885321,174
10885321,255
10910748,185
10910748,3010
10910748,3281
10910748,3362
10910748,3524
10910748,3605
10910748,3796
10910748,3877
10910748,3958
10910748,4091
10921252,107
10948651,161
10962948,181
10963007,162
11071732,199
11111752,146
11111812,120
11178032,106
11178032,602
11178032,955
11178032,2060
11181903,132
11224676,185
11224676,266
11224676,347
11234954,185
11252642,285
11252642,447
11252642,870
11252642,951
11252642,1095
11252642,1176
11252642,1419
11341399,271
11386376,100
11392754,150
11392754,231
11413930,193
11419911,174
11419911,1308
11419911,1499
11419911,1570
11419911,1731
11419911,1812
11419911,1901
11419911,2037
11419911,2118
11419911,2207
11482617,107
11482617,298
11507415,172
11510416,176
11576445,130
11576445,211
11609464,116
11616556,123
11699378,141
11758367,195
11806723,107
11907140,164
11917733,101
11917733,292
11917733,373
11917733,454
11917733,535
12027138,163
12056613,120
12056613,553
12073475,197
12081776,162
12094570,177
12115480,115
12128514,106
12186380,180
12199337,159
12199337,230
12210621,189
12213317,276
12213317,357
12213317,942
12213443,140
12268249,161
12272084,100
12285276,142
12286891,173
12294708,181
12320079,117
12331075,134
12363594,184
12364969,120
12424020,179
12546470,134
12574539,133
12637366,155
12677832,126
12763658,134
12763658,215
12941720,130
12970570,193
12970570,355
13006218,103
13006218,286
13017462,163
13018171,190
13060983,101
13091683,181
13198370,127
13198370,470
13211037,100
13260523,119
13328372,193
13380006,183
13455068,107
13457189,198
13494052,103
13504675,110
13529136,135
13545216,184
13546106,137
13573332,107
13595251,108
13623957,217
13623957,306
13623957,489
13623957,721
13625300,108
13645479,165
13786785,111
13788120,147
13788120,490
13939350,160
14011603,101
14068605,129
14084715,184
14200166,166
14200166,247
14294395,197
14294395,278
14294395,359
14309992,148
14309992,229
14309992,490
14399448,134
14414973,181
14505945,170
14592680,194
14657364,153
14674839,110
14675270,107
14759173,100
14759173,283
14806008,154
14848969,121
14855352,133
14855630,152
14855630,233
14855630,403
14986335,135
14998371,119
14998371,2324
14998371,2405
14998371,3134
14998371,3215
14998371,3991
14998371,4025
14998371,4530
14998371,5340
14998371,6311
15063096,104
15063096,1267
15090456,167
15102098,165
15102288,8248
15102288,41024
15102924,176
15107246,134
15107246,1700
15115504,124
15120108,195
15120702,348
15120702,429
15120702,500
15126451,3162
15137680,167
15139629,194
15141799,103
15144306,199
15144306,6553
15144306,7606
15191786,149
15231897,131
15257819,106
15350602,146
15350602,2270
15350602,3080
15350602,3757
15413826,150
15420075,107
15440708,130
15445004,150
15459464,138
15527906,136
15527906,640
15527906,2937
15570971,144
15689185,160
15741848,149
15825590,169
15836348,190
15836348,271
15851736,140
15887193,111
16190886,113
16234627,147
16404287,155
16404287,317
16404287,821
16404287,3332
16404287,13214
16404287,14105
16404287,28831
16404287,29307
16502282,165
16516586,181
16521601,180
16583312,105
16590234,1652
16590234,2039
16622166,180
16622166,1151
16622284,198
16628281,323
16628281,676
16632660,125
16649635,154
16668247,110
16670753,144
16694812,114
16701716,156
16701716,3333
16716417,195
16813461,113
16813461,466
16813461,890
16865089,199
16921603,166
16922239,159
16933590,145
16933590,226
16933590,650
17090600,190
17154899,108
17155276,141
17155276,575
17155391,116
17155391,469
17155391,2593
17155391,2755
17155391,2836
17155730,164
17156696,142
17159229,176
17159518,175
17159518,507
17159518,680
17159518,922
17161936,105
17161936,873
17161936,954
17162280,137
17164435,174
17174657,178
17177296,113
17181488,101
17183666,125
17185786,161
17185786,2962
17185786,3691
17185786,3934
17185786,4078
17185786,4310
17185786,4400
17185786,4582
17185786,4663
17185786,4744
17193590,119
17202383,183
17216052,100
17216268,168
17221771,101
17222720,102
17227422,105
17227422,4275
17227422,11646
17227422,14076
17227422,14238
17227422,14408
17227422,14580
17234244,131
17234244,301
17234244,727
17245028,353
17245051,186
17245234,100
17245986,162
17246695,199
17262213,194
17262213,780
17262213,2480
17262213,29508
17281106,103
17288387,126
17295205,144
17310380,163
17321958,187
17403551,107
17440261,125
17440261,397
17464140,113
17467515,107
17467515,1413
17467515,2657
17467515,3114
17467515,3700
17467515,4439
17467515,5168
17469701,177
17469701,2110
17469701,2978
17469701,3273
17469701,3435
17469701,3869
17469701,4326
17469701,4911
17469701,6612
17469701,8232
17469701,8666
17469701,10482
17469701,10644
17469701,15018
17469701,18386
17469701,18890
17469701,19358
17469701,22499
17469701,22731
17469701,26052
17469701,27709
17500224,165
17500224,246
17516590,102
17557354,134
17562075,320
17596025,100
17597337,120
17635277,193
17639865,103
17645625,103
17690133,130
17692901,194
17692901,356
17692901,437
17843582,170
17866875,173
17875154,120
17884560,159
17891872,190
17901323,159
17919549,187
18020851,161
18149211,156
18181313,159
18201378,119
18222877,192
18269815,136
18279158,108
18279158,450
18279158,531
18279158,612
18279158,701
18279158,884
18279158,965
18279158,1007
18279158,1180
18279158,1260
18279158,2747
18279158,3123
18279158,3395
18300210,160
18459628,115
18459628,3300
18540906,830
18565382,166
18631739,167
18631739,2020
18631739,2100
18631739,2291
18631739,2453
18631739,2534
18631739,2615
18631739,2887
18631739,2968
18650225,159
18650225,310
18650225,400
18650225,825
18705246,124
18725804,113
18725804,970
18725804,1357
18725804,2086
18725804,2329
18725804,2400
18725804,2590
18725804,2671
18725804,2752
18725804,2833
18725804,2914
18725804,3210
18725804,3481
18725804,3562
18725804,4020
18725804,4100
18725804,4291
18725804,4372
18725804,4534
18751354,133
18786988,121
18786988,393
18786988,474
18891036,178
18891036,1069
18891036,1140
18891036,1220
18891036,1301
18891036,1573
18891185,137
18922815,193
18925438,146
19080515,177
19149954,199
19157650,173
19160126,151
19223387,173
19232404,139
19328827,157
19336924,191
19414082,149
19426695,104
19502657,185
19525260,109
19526748,150
19527639,158
19570720,110
19641539,158
19642306,170
19653054,184
19690445,179
19757541,197
19795665,167
19832765,116
19900000,842
19900000,1733
19900000,1903
19900000,2462
19900000,3949
19934117,170
19992962,100
20160750,138
20161337,198
20176160,101
20176160,284
20183542,154
20183542,235
20278271,110
20283842,539
20288860,180
20346524,146
20373585,100
20388757,101
20388757,373
20388757,535
20388757,1000
20388757,1345
20520367,143
20631826,166
20645520,169
20681600,170
20697193,199
20697193,270
20707884,126
20707884,207
20707884,398
20707884,479
20707884,550
20707884,711
20707884,800
20707884,1521
20739249,120
20985558,180
21025986,124
21042930,188
21063839,149
21066139,108
21109697,103
21109697,1347
21228861,100
21256870,104
21315035,190
21471093,102
21471093,617
21471093,1346
21471093,1931
21551379,106
21551379,1331
21554282,149
21555008,194
21572243,174
21581509,145
21759758,188
21842729,185
21881060,130
21881060,211
21947956,175
22034458,102
22034458,366
22066791,195
22245245,111
22301988,161
22301988,595
22492169,149
22541783,153
22685341,261
22685341,695
22685341,1233
22685341,1403
22685341,1667
22685341,2124
22685341,2396
22685341,2809
22751408,219
23074719,172
23116650,100
23117229,106
23117286,195
23236821,127
23236821,399
23274194,119
23274194,461
23361306,179
23363535,122
23411517,179
23445513,101
23452238,153
23453897,104
23520449,186
23635798,143
23635798,224
23635798,305
23637093,165
23637697,101
23637697,9834
23637697,13513
23640204,192
23640204,273
23759905,145
23814940,110
23821176,100
23821176,452
23858708,183
23866031,125
23866031,478
23971011,114
24093916,100
24093916,363
24166688,142
24174070,124
24227491,176
24227491,257
24239931,105
24301458,149
24301458,300
24301458,572
24301458,653
24301458,815
24314957,170
24380578,260
24380578,421
24380578,3285
24554306,158
24571721,110
24649652,110
24949232,159
24949232,400
24949232,582
24949232,3689
24962466,217
25043386,140
25086034,171
25089509,183
25331521,152
25388869,186
25582727,155
25599044,100
25629080,170
25791955,135
26051817,263
26108898,100
26108898,290
26108898,452
26108898,533
26108898,614
26108898,703
26487744,176
26900420,118
26994586,140
27084474,115
27093977,157
27133259,167
27189489,148
27394758,108
27417612,130
27451582,189
27451582,260
27451582,421
27451582,1231
27451582,1312
27451582,1401
27451582,1584
27451582,1746
27451582,1827
27451582,1908
27451582,2041
27485069,109
27497684,135
27497684,640
27497684,720
27515154,1144
27515154,2035
27639533,174
27663293,143
28019100,189
28038024,159
28053619,183
28053619,11380
28105924,171
28105924,252
28105924,333
28105924,414
28105924,503
28105924,686
28105924,848
28105924,929
28126928,136
28151363,147
28152650,171
28154847,140
28403532,199
28403532,350
28403532,431
28403532,1160
28403532,1322
28403532,1403
28403532,3538
28622744,167
28672087,162
28672087,7507
28738080,104
28826394,150
28944734,148
29140214,226
29251838,130
29251846,186
29307609,190
29307609,270
29321094,182
29387740,104
29503802,104
29506474,515
29506474,1163
29506474,1678
29506474,2305
29506474,2488
29506474,2569
29506474,3964
29506474,4189
29588019,182
29726259,104
29737368,119
29737368,3487
29739737,102
29739737,374
29768219,117
29799921,148
29865523,182
29958609,150
29958609,311
29958609,400
30079289,147
30098529,150
30255822,184
30314561,126
30314561,630
30450803,109
30511844,915
30535975,185
30535975,1742
30540991,166
30560205,192
30560205,273
30560205,354
30560205,435
30740773,175
30742555,170
30770184,130
30910705,107
31009644,174
31120686,188
31127301,104
31590862,145
31600044,186
31663881,154
31673254,102
31686196,143
31860364,175
31860364,1228
31860364,1490
31861323,101
31876709,189
31901382,158
32161500,100
32256235,135
32430993,128
32677726,150
32677726,583
32680810,122
32779402,475
33000092,169
33000167,101
33000167,454
33000167,535
33000167,1264
33000167,1930
33000167,2155
33000167,2236
33000167,5502
33000167,5685
33000167,5766
33000167,9320
33000167,10255
33000167,10840
33000167,11731
33000167,13270
33000167,19473
33000167,49623
33000167,55941
33000167,57723
33000167,104586
33000167,104900
33000167,105639
33000167,106872
33000167,111108
33000167,113143
33009911,139
33009911,1887
33009911,2425
33009911,2506
33009911,2697
33009911,4126
33009911,4711
33009911,5106
33009911,5440
33009911,5874
33009911,5955
33009911,6170
33009911,6331
33009911,6412
33009911,6684
33009911,6846
33009911,7141
33009911,7222
33009911,7494
33009911,7575
33009911,7656
33009911,7818
33009911,11920
33009911,30631
33009945,123
33009945,2339
33016338,271
33016338,1405
33017088,103
33022203,138
33033028,184
33033028,2047
33033028,3604
33033028,3795
33033028,4090
33033028,8169
33039223,111
33039223,626
33039223,979
33042730,104
33042730,457
33042730,1933
33042730,2824
33042730,13435
33050071,158
33050196,188
33050196,4507
33050196,17749
33050196,20294
33050196,63937
33051491,159
33059528,195
33060716,133
33064262,179
33067745,127
33067745,3908
33067745,9930
33069212,184
33073008,137
33078767,192
33081704,195
33109356,117
33113309,147
33113309,228
33131541,108
33144437,581
33150764,112
33174335,185
33174335,347
33174335,1076
33174335,1157
33174335,1238
33174335,1319
33174335,1408
33193996,158
33193996,743
33193996,3416
33194200,181
33194200,939
33204183,116
33247271,103
33247743,110
33249046,106
33255787,191
33273681,110
33273681,382
33284522,626
33306929,798
33342023,133
33349473,158
33349473,310
33352394,104
33373325,179
33390170,189
33412792,160
33412792,322
33412792,3267
33412792,6525
33412792,14978
33412792,18108
33412792,18450
33412792,18884
33412792,19007
33412792,20196
33416231,130
33416231,725
33416231,806
33449965,115
33449965,1430
33449988,120
33482241,173
33482241,335
33482241,769
33482241,2974
33495771,156
33525221,132
33541368,116
33541368,469
33541368,1279
33541368,3646
33541368,18759
33541368,27588
33541368,27740
33541368,29521
33541368,30708
33541368,31771
33574575,1904
33579046,166
33592510,154
33592510,588
33592510,901
33592510,2106
33592510,11431
33611500,119
33611500,895
33664228,135
33852322,118
33852322,460
33876145,100
33876145,614
33876145,1858
33876145,2587
33876145,2749
33876145,3630
33876145,3800
33876145,4105
33876145,4288
33876145,4520
33876145,4954
33876145,5250
33876145,5500
33920299,151
33931478,275
33931486,1455
33938119,169
33958695,178
33958695,682
33971784,154
34019992,897
34019992,1605
34019992,2326
34028316,103
34028316,294
34028316,375
34028316,456
34028316,537
34028316,960
34028316,1002
34028316,1266
34028316,1347
34028316,1509
34028316,1690
34028316,1851
34028316,1932
34028316,2076
34028316,2157
34028316,2238
34028316,2580
34028316,2661
34028316,2742
34028316,2823
34028316,3129
34028316,3200
34028316,3471
34028316,47096
34028316,326483
34028316,467540
34028316,710151
34028316,762461
34028316,805616
34125294,108
34125294,957
34164319,506
34484188,102
34484188,455
34525444,162
34590315,158
34590315,662
34590315,905
34590315,1049
34597658,144
34597955,432
34661762,150
34776007,111
34776007,200
34776007,464
35029057,106
35030372,145
35271593,105
35271593,296
35402759,185
35402759,1580
35403835,177
35567684,192
35581559,137
35611921,175
35690009,156
35728880,100
35768720,186
35820448,1965
35820448,2341
35820448,2503
35820448,3070
35820448,5448
35820448,5952
35820448,6339
35820448,10794
35820448,16482
35820448,18930
35820448,20161
35820448,21303
35852883,142
35893999,120
36020014,114
36324791,152
36324791,233
36519422,115
36519422,204
36519422,620
36519422,700
36519422,891
36519422,972
36804268,123
37020260,139
37024047,103
37432689,133
37457942,103
37567864,108
37964448,135
37964448,216
38070074,177
38282487,115
38282487,204
38282487,387
38391432,143
38441355,199
38719118,147
39128525,142
39331262,174
39881421,104
39943365,195
39952546,188
39998686,197
40206278,134
40331350,155
40331350,236
40331350,406
40432544,147
40432544,490
40432544,902
40432544,1623
40432544,2271
40432544,2603
40432544,3839
40432544,4053
40432544,4134
40432544,4487
40432544,6269
40432544,6420
40432544,7079
40432544,7826
40432544,8040
40432544,8474
40432544,8989
40432544,10290
40432544,10452
40432544,10703
40432544,11009
40432544,11262
40432544,11858
40432544,12668
40432544,14105
40432544,15250
40432544,15764
40432544,16060
40432544,16140
40432544,18275
40432544,21578
40432544,21810
40432544,24089
40432544,24160
40432544,24321
40432544,24402
40432544,24593
40432544,25131
40432544,27347
40432544,29803
40432544,30488
40432544,31379
40432544,31964
40432544,32260
40432544,32340
40432544,32502
40432544,33150
40432544,33746
40432544,36680
40432544,37067
40432544,40360
40432544,42575
40432544,42907
40432544,43113
40432544,43202
40432544,43385
40432544,44357
40432544,44519
40432544,44608
40432544,44861
40432544,49235
40432544,50241
40432544,50322
40432544,53933
40432544,54743
40432544,55120
40432544,55200
40432544,55634
40432544,55804
40432544,56010
40432544,56100
40432544,56525
40432544,56878
40432544,56959
40432544,57173
40432544,57254
40432544,57505
40432544,57688
40432544,58064
40432544,58226
40432544,58579
40432544,58900
40432544,59893
40432544,59974
40432544,60042
40432544,60476
40432544,60557
40432544,60980
40432544,61014
40432544,61529
40432544,62258
40432544,62410
40432544,64110
40432544,64463
40432544,64978
40432544,66679
40432544,68108
40432544,68299
40432544,70277
40432544,71591
40432544,76399
40432544,77441
40432544,77875
40432544,78332
40432544,82011
40432544,82526
40432544,82607
40432544,82879
40432544,82950
40432544,83255
40432544,83506
40432544,83921
40432544,84065
40432544,84146
40432544,85894
40432544,101768
40450769,126
40551996,148
40646948,133
40903608,140
40903608,221
40903608,493
40917346,173
41157967,169
41160680,198
41426487,156
41568655,148
41757527,142
41777095,131
41838657,100
41847658,110
42120394,161
42120394,676
42124693,174
42150391,170
42150391,1061
42150391,2033
42150391,3510
42150391,4753
42179671,101
42184226,1101
42275677,182
42276907,128
42276907,1019
42278796,199
42315432,131
42318949,184
42352559,120
42352559,473
42357483,126
42357483,630
42357483,983
42357483,1017
42357483,1106
42361873,170
42361873,684
42365296,1085
42374207,176
42409201,197
42416651,107
42416651,1006
42416651,1189
42416651,1421
42416651,1693
42416651,2746
42424267,156
42445403,194
42515882,259
42540211,167
42566752,164
42593061,150
42593061,400
42599019,146
42789628,168
42791996,140
42816108,105
42893215,129
42956441,101
42956441,292
42956441,373
42956441,454
42956441,705
42956441,888
42956441,969
42956441,1183
42956441,1264
42956441,1345
42956441,1779
42956441,1850
42985515,138
43014521,100
43014521,704
43018225,188
43021906,103
43201151,110
43211325,126
43211325,479
43211325,550
43211325,1360
43211325,1521
43213776,100
43238138,136
43298975,150
43312503,105
43375930,132
43375930,213
43408590,107
43443043,154
43443043,405
43444348,180
43444348,342
43447044,177
43461789,433
43461789,514
43461789,1081
43470988,165
43470988,246
43475030,167
43490424,194
43553668,179
43588045,131
43626407,131
43626407,646
43626407,727
43631191,100
43640754,119
43640754,208
43677178,184
43711951,343
43711951,424
43711951,505
43711951,858
43776517,180
43790666,101
43816719,108
43816719,2402
43821164,192
43874289,180
43874289,261
43919968,129
43940758,112
43940758,546
43940758,708
43940758,970
43948405,169
43996693,127
43996693,208
43997253,194
43999424,114
43999424,467
43999424,629
43999630,124
44013159,116
44013159,3131
44013159,9504
44023471,190
44023471,271
44068211,131
44161185,191
44319688,142
44381747,102
44387629,101
44410199,100
44410199,282
44611387,198
44661453,134
44699346,103
44734671,151
44734671,402
44734671,828
44734671,909
44734671,1042
44734671,2286
44734671,2367
44734671,2529
44734671,2600
44734671,2790
44990901,143
44996072,106
45070190,151
45070190,232
45070190,828
45256997,183
45361425,164
45365558,109
45372893,134
45542453,188
45693777,117
45710423,133
45736992,158
45736992,239
45736992,310
45736992,409
45736992,581
45765914,181
45768515,174
45902707,121
45913696,185
45913696,1408
45985371,108
45987013,134
45988045,1800
45989050,181
45989050,939
45989050,1072
45989050,1234
45989050,1404
45989050,1820
45989050,2044
45989050,2206
45989050,2478
45990181,189
45990181,1231
45990181,2718
45992062,165
46025722,100
46025722,1688
46062030,123
46070868,169
46119855,137
46138319,189
46151130,126
46201083,188
46323754,183
46323754,1821
46344354,154
46344354,405
46344354,588
46344354,669
46344354,740
46861449,145
46928552,165
46958708,150
47062179,175
47063128,168
47110960,178
47147799,107
47173950,181
47180625,146
47254461,154
47254461,2289
47254545,198
47366273,380
47366273,541
47366273,622
47366273,894
47366273,1190
47366273,1270
47379714,116
47442244,198
47496286,292
47612210,102
47747969,194
47792848,164
47795088,149
47855507,190
47902283,120
47922042,143
47922042,496
47958855,193
47959697,196
47959697,358
47959697,2725
47987706,152
48122295,103
48131296,106
48172464,292
48302640,182
48315477,192
48344780,113
48439341,194
48539407,118
48539407,7201
48539407,7554
48540421,131
48606503,484
48606503,565
48610521,197
48754139,157
48812648,199
48834389,105
48834389,288
48839872,174
48871545,108
49032964,372
49032964,6737
49035678,107
49213747,117
49213747,11828
49319528,117
49319528,389
49324221,104
49324221,880
49324221,1500
49324221,1852
49324221,2077
49351786,180
49418890,145
49418890,226
49418890,498
49475833,106
49475833,1765
49656192,188
49682396,193
49682396,355
49729718,102
49814056,179
49814056,330
49870173,150
49912199,113
50086453,150
50115849,502
50155134,150
50155134,907
50221019,136
50221019,489
50221019,802
50221019,1027
50221019,1370
50221019,3828
50221019,4557
50221019,4719
50221019,5286
50221019,5448
50221019,5600
50221019,5790
50221019,6177
50221019,6339
50221019,6762
50221019,6843
50221019,6924
50221019,7068
50221019,7300
50221019,7572
50221019,7653
50221019,7734
50221019,7815
50221019,7904
50221019,8030
50221019,8110
50221019,8200
50221019,8382
50221019,8463
50221019,8544
50221019,8625
50221019,8706
50221019,8897
50221019,8978
50221019,9001
50221019,9192
50228154,103
50290329,2660
50364484,126
50376938,189
50564053,103
50564053,537
50564053,880
50564053,960
50564053,3048
50567288,159
50567288,663
50567288,744
50567288,2526
50567288,2607
50706019,126
50719061,181
50925890,110
50930072,106
50935576,119
50935576,461
50935576,1948
50937564,123
50937564,1014
50937564,1286
50938745,174
50942135,144
50949528,180
50949528,1828
50953232,132
50955707,472
50981018,190
50981018,947
51254159,173
51466324,150
51466860,156
51466860,1390
51466860,2957
51466860,5034
51466860,6278
51482776,126
51603942,103
51665073,133
51665073,1024
51775690,191
51775690,353
51775690,1830
51775690,2054
51775690,2135
51780468,187
51843514,140
51990778,126
52034139,150
52045697,110
52123916,132
52123916,1023
52287497,174
52311289,163
52311347,159
52311347,906
52502945,105
52502978,155
52541760,100
52555711,126
52556578,122
52618139,105
52618139,2221
52618139,2817
52618139,3031
52717659,167
52717659,1210
52731577,2544
52736949,158
52736949,4811
52828936,109
52848868,140
52850682,125
52850682,478
52850682,1016
53009825,133
53224127,150
53224127,584
53296273,191
53359824,119
53359824,461
53400818,834
53400818,1300
53558342,198
53577383,121
53577383,1608
53811006,105
53811006,296
53811006,50200
53858312,105
53859112,169
53877627,191
53943098,187
54022744,136
54083035,160
54114475,138
54183587,140
54183587,493
54183587,655
54183587,817
54183587,1031
54183587,1627
54183587,2003
54183587,2275
54183587,2437
54305743,1170
54360656,144
54470430,104
54516661,101
54612650,117
54614813,109
54625819,173
54625819,2621
54625819,2893
54625819,3008
54625819,3512
54625819,3784
54823455,136
54823455,560
54823455,721
54823455,802
54823455,1299
54823455,1450
54823455,2937
54823455,3747
55014609,101
55064562,190
55116131,120
55116131,201
55116131,2174
55325989,448
55541130,123
55658090,102
55962369,177
55962369,1491
55980684,127
55981351,112
55981351,2409
55981351,2913
56073307,177
56167091,109
56167091,290
56433543,157
56563976,127
56669187,922
56669187,1147
56669187,2038
56720428,163
56851355,149
56911142,165
56912124,106
56990526,110
56992951,149
56992951,572
56992951,653
56992951,904
56992951,1200
56992951,1706
56992951,1897
56992951,2273
56992951,2435
56992951,3830
56992951,4306
56993512,150
56993868,194
56993900,131
56993900,999
56993900,3076
56993900,3238
56994502,130
56994700,101
56995681,120
56995681,200
57000036,192
57006264,170
57006983,433
57008948,100
57010480,199
57010662,160
57010662,836
57010662,1050
57010662,1212
57010662,1565
57010662,2456
57010662,2880
57014862,190
57029431,106
57373375,203
57494031,163
57494031,1054
57497539,115
57497539,700
57507378,101
57507378,365
57507626,106
57507626,297
57507626,459
57576274,140
57582793,111
57593253,133
57593253,567
57600249,155
57624462,105
57879843,127
58128190,4366
58309998,190
58309998,603
58309998,786
58331695,174
58357278,109
58430828,160
58430828,1565
58512310,175
58512310,337
58512310,418
58514928,174
58514928,3351
58514928,3785
58514928,4404
58635517,137
58900754,188
59104273,129
59104273,3730
59104422,150
59104422,5704
59104422,10384
59104737,105
59104760,191
59104760,353
59104760,604
59104760,1082
59104760,1244
59104901,176
59104901,761
59105999,186
59105999,3959
59106245,140
59106245,817
59106377,172
59106377,253
59106666,171
59106666,252
59106666,1577
59111666,160
59114777,120
59118000,133
59179838,137
59179838,307
59179838,2857
59186981,237
59264051,173
59264051,416
59264051,688
59272849,167
59275792,150
59275792,2012
59275792,3337
59280685,110
59476770,158
59476770,2282
59476770,3769
59557124,115
59596908,152
59596908,1396
59598029,160
59599555,144
59602144,160
59664391,191
59704510,192
59717553,102
59717553,617
59717553,1265
59748988,114
59752048,107
59775478,136
59850115,118
59884502,175
59884502,337
60179488,198
60181468,151
60182904,107
60318797,100
60329174,124
60394723,144
60394723,1388
60394723,2511
60394723,2864
60394723,2945
60394723,3402
60394723,3593
60394723,4050
60397775,174
60398138,112
60398369,800
60398914,184
60409075,152
60422219,100
60435351,157
60435351,1714
60435351,4730
60444437,146
60446929,170
60476884,187
60476884,268
60476884,1582
60476884,1744
60476884,3364
60476884,3798
60479813,138
60498706,157
60498706,319
60498706,2524
60498706,3687
60498706,3768
60498706,4144
60498706,6511
60498706,6600
60498706,6945
60498706,7321
60498706,9294
60498706,10462
60498706,12830
60498706,13488
60498706,20930
60498706,27276
60498706,28752
60498706,28833
60498706,29058
60498706,29996
60498706,30064
60498706,30145
60498706,30730
60498706,31540
60498706,33594
60498706,34485
60498706,40701
60498706,40884
60498706,42747
60500212,160
60500246,154
60500246,1630
60501707,103
60519634,187
60519634,349
60560349,100
60560349,290
60561719,123
60561719,557
60561719,1529
60561719,2258
60561719,9422
60561719,9775
60561719,9856
60561719,10277
60561800,103
60579422,438
60579422,519
60580263,149
60580396,115
60586450,130
60594538,284
60594538,950
60619202,148
60619202,571
60619202,733
60619202,4801
60621141,153
60621141,404
60625829,101
60643228,121
60657624,108
60657624,531
60659463,191
60659463,3026
60659463,3107
60665981,118
60678471,185
60680279,123
60680873,114
60689346,170
60744463,190
60750056,195
60760642,110
60760642,463
60760642,544
60775293,100
60820198,262
60831658,177
60851615,153
60852274,130
60853942,144
60853942,730
60853942,1701
60855574,173
60856077,190
60856531,102
60856531,374
60857349,176
60860681,190
60863404,130
60863404,1293
60863404,1455
60863404,1706
60869336,117
60869336,389
60869336,621
60869336,22439
60869468,300
60872306,160
60872306,3932
60872306,16163
60875580,192
60882628,1323
60882628,1919
60882628,4268
60894730,105
60894730,296
60894730,2582
60894730,6308
60933603,178
60945169,146
60945169,570
60945169,1037
60995891,195
61036141,159
61036141,310
61037537,110
61064838,133
61064838,1296
61064838,3400
61064838,3906
61064838,4120
61064838,4716
61064838,5364
61064838,5950
61064838,8037
61064838,8460
61064838,8975
61064838,9009
61064838,9190
61064838,9351
61064838,10791
61064838,11178
61064838,11259
61064838,11682
61064838,11763
61064838,11925
61064838,13200
61064838,13545
61064838,14002
61064838,14517
61064838,14860
61064838,15750
61064838,16137
61064838,16560
61064838,16641
61064838,16722
61064838,17028
61064838,17290
61064838,17451
61064911,177
61064911,258
61064911,1734
61065199,120
61065199,201
61065199,473
61065199,635
61065199,1011
61065298,102
61065298,455
61065298,536
61065298,1508
61067161,197
61067161,1320
61067161,1835
61067997,191
61068342,138
61068557,159
61068557,582
61072393,133
61074506,130
61074506,644
61074506,725
61074506,806
61074506,1292
61074506,2507
61074506,2698
61074829,123
61074829,638
61074829,1103
61077327,156
61079117,105
61079117,440
61079117,10917
61079117,14580
61079117,16443
61079117,18063
61079117,18144
61079117,25604
61079117,26163
61079117,28298
61079117,29774
61079117,30276
61079117,30519
61079232,171
61079232,767
61080735,167
61080735,248
61080735,833
61081253,121
61082723,171
61082988,170
61083804,196
61086336,1851
61086336,14406
61088894,108
61089835,154
61092037,181
61092037,505
61092037,2982
61092037,5574
61093001,112
61096996,175
61099826,144
61140000,181
61142063,177
61142063,339
61142287,189
61142550,130
61142865,500
61142865,691
61142865,3100
61142865,3526
61142865,3607
61142865,3879
61142865,4093
61144671,110
61148052,102
61149886,124
61149886,809
61150348,150
61150348,826
61150751,189
61150751,1312
61156113,175
61156113,256
61156113,507
61156113,680
61156113,760
61156113,922
61156501,156
61156931,178
61160438,121
61160438,636
61160438,1101
61161139,101
61161139,616
61186490,157
61186490,1633
61186490,2010
61186490,2109
61186490,2281
61186490,2443
61186490,2605
61186888,193
61186888,9301
61186888,9816
61186888,10156
61186888,10318
61186888,10580
61186888,13686
61186888,14305
61186888,15204
61186888,15700
61186888,15891
61186888,17169
61186888,17240
61186888,17592
61186888,17673
61188488,117
61190096,192
61192522,127
61192522,208
61192522,550
61192696,190
61193074,186
61193496,151
61193496,1638
61193496,1719
61194494,187
61204129,106
61231478,206
61243119,180
61286647,116
61286647,973
61297784,156
61308706,100
61327904,110
61327904,706
61327904,1788
61327904,2598
61327904,3802
61327904,4027
61327904,4108
61327904,4299
61327904,4370
61327904,4531
61327904,4612
61327904,4701
61357406,110
61360574,165
61360574,327
61374161,130
61381554,170
61409892,173
61410841,161
61413282,143
61413282,739
61413282,1972
61413282,2359
61413282,2510
61413282,3169
61421418,167
61432506,164
61432506,26805
61442810,192
61454393,106
61456463,157
61460325,141
61460325,494
61480380,101
61480380,365
61480380,446
61480380,527
61480380,608
61480380,799
61480380,1922
61517397,188
61520607,197
61522173,164
61522512,102
61528030,160
61528030,1301
61528030,1727
61532198,149
61532198,300
61532198,491
61532198,653
61532198,734
61532198,815
61553301,137
61558037,124
61565222,146
61565222,308
61565222,1380
61565222,1460
61575775,180
61575775,856
61575775,3286
61575775,3448
61584223,138
61586558,195
61586558,276
61586558,357
61586558,519
61586558,608
61586558,1086
61586558,1167
61586558,1329
61586558,1671
61586558,2058
61586558,2562
61586558,3100
61586558,3968
61586558,4263
61602033,104
61649810,168
61685723,166
61693461,181
61695227,193
61736732,139
61741690,124
61741690,205
61776399,191
61776399,604
61808531,108
61808531,280
61808531,361
61808531,523
61827663,179
61854147,133
61881058,186
61881058,429
62004395,158
62032180,140
62070362,106
62143847,263
62162847,120
62174644,153
62258884,1884
62258884,2422
62258884,11928
62461140,114
62461140,203
62461140,386
62461140,467
62461140,548
62461140,629
62461140,890
62461140,971
62461140,1005
62461140,1196
62461140,1277
62461140,1358
62461140,1439
62461140,1510
62461140,1609
62461140,1781
62461140,1862
62461140,1943
62461140,2087
62461140,2320
62461140,2400
62461140,2591
62461140,2672
62461140,2753
62461140,2834
62461140,2915
62461140,3130
62461140,4101
62461140,4616
62461140,4888
62462015,129
62462015,986
62462015,1010
62464904,125
62545686,153
62546387,133
62576327,163
62647052,292
62695036,194
62695036,4858
62695036,5404
63081764,179
63310411,101
63310411,1418
63310411,2651
63310411,2732
63310411,3208
63542443,124
63634596,100
63699839,180
63715510,165
64422892,100
64810955,197
64924186,158
65115958,173
65373920,109
65373920,281
66079609,106
66320615,103
66403148,185
66429895,192
66970229,167
66970229,400
66970229,671
66970229,914
66970229,1139
66970229,1724
66970229,1805
66970229,1996
66970229,3930
66970229,4073
66970229,4154
66970229,10472
66970229,12920
66970229,13145
66970229,13226
66970229,13579
66970229,13650
66970229,13730
66970229,14389
66970229,14621
66970229,14702
66970229,14974
66970229,15008
66970229,15946
66970229,16160
66975699,113
66975699,202
67405936,173
67405936,769
67405936,920
67405936,1226
67620377,114
67620377,467
67620377,890
67620377,1862
67620377,4969
67620377,6236
67620377,6821
67620377,7470
67731091,106
67852822,171
68059674,103
68059674,529
68065663,128
68065663,470
68067446,410
68067446,924
68067446,1068
68067446,1149
68067446,1572
68067446,1653
68067446,1734
68067446,1815
68067446,1904
68067446,2110
68149228,181
68389097,100
68389097,371
68389097,703
68571041,171
68571041,3510
68752351,192
68870997,174
68915891,140
68915891,1979
69012656,120
69012656,1100
69037133,139
69284248,128
69983856,120
70939574,105
70940994,101
70940994,5251
71208516,174
71368682,138
71477426,189
71683379,120
71832679,123
71917181,163
72058241,100
72058241,950
72071541,111
72114994,188
72183486,151
72208416,100
72368905,120
72368905,200
72381189,110
72381189,625
72381189,1001
72381189,1192
72381189,1273
72381189,1354
72381189,1435
72381189,1516
72381189,1788
72535115,191
72770878,117
72907595,174
72907595,840
72907900,128
72908817,173
72908817,416
73270605,176
73410326,160
73410326,322
73410326,837
73410326,1132
73410326,1302
73410326,2538
73410326,3771
73410326,4158
73410326,4310
73410326,4581
73410326,5200
73410326,5715
73410326,8226
73410326,9460
73410326,9974
73410326,10638
73410326,11367
73410326,15354
73410326,15516
73410326,18450
73416083,178
73421679,166
73445454,140
73674202,273
73702771,102
73737686,171
73767394,181
73846347,123
73846347,395
73846347,557
73954489,104
73960874,164
74404229,128
74404229,209
74404229,802
74404229,985
74404229,1019
74423880,145
75059857,186
75086785,166
75104422,106
75109074,160
75173575,105
75177857,180
75182048,167
75190983,175
75222901,127
75274316,170
75284224,171
75293662,104
75339051,141
75341800,175
75364570,160
75364570,755
75364570,1050
75364570,1131
75444430,100
75552133,170
75552133,1141
75552133,1303
75552133,1494
75552133,1575
75552133,1656
75552133,1737
75552133,1907
75552133,2032
75552133,2113
75552133,2202
75552133,2385
75552133,2466
75635144,113
75646273,107
75655720,194
75801902,126
75801902,1017
75801902,1289
75801902,2412
75801902,2501
75801902,2927
75802041,109
75802041,362
75802041,1091
75821546,102
75853168,149
75965624,142
75984930,126
76061480,162
76097567,190
76103373,150
76109594,135
76125244,162
76176643,152
76255926,190
76295344,137
76343748,159
76466929,172
76484013,145
76487032,125
76487032,206
76487032,4546
76487222,142
76489533,140
76490184,187
76490184,691
76490184,2635
76491836,106
76492065,163
76498179,110
76518836,144
76520758,112
76535764,143
76535764,224
76535764,305
76535764,496
76535764,577
76535764,658
76535764,739
76535764,909
76535764,1204
76535764,1468
76535764,1549
76535764,1891
76535764,1972
76535764,2006
76535764,2278
76535764,2359
76535764,2863
76535764,3673
76535764,3835
76535764,3916
76535764,4300
76535764,4564
76535764,4645
76535764,4726
76535764,5293
76535764,5889
76535764,6001
76535764,6184
76535764,6850
76535764,7318
76535764,11501
76535764,13040
76535764,17038
76535764,19405
76535764,22708
76535764,23194
76535764,23356
76535764,23518
76535764,23780
76535764,24913
76535764,26967
76535764,30646
76535764,30999
76535764,31103
76535764,31707
76535764,32185
76535764,32266
76535764,32347
76535764,32428
76535764,32509
76535764,32690
76535764,32851
76535764,32932
76535764,33157
76535764,33238
76535764,34986
76535764,36253
76535764,39864
76535764,40013
76541317,105
76541317,288
76610062,187
76610062,3950
76622968,111
76630573,160
76630573,241
76630573,322
76630573,675
76630573,756
76630573,837
76630573,1051
76630573,1132
76630573,1213
76630573,1302
76630573,1485
76630573,1566
76630573,1647
76630573,2538
76630573,2619
76630573,2708
76630573,2880
76630573,2961
76633890,130
76657030,137
76812379,104
76814284,111
76827344,130
76840537,121
76840537,393
76881093,172
76881093,253
76900463,171
77124634,180
77153773,132
77153773,485
77167203,100
77388007,157
77388007,408
77504108,146
77593556,163
77593556,597
77593556,759
77593556,910
77593556,1054
77769388,114
77808640,157
77808640,238
77887917,184
77911261,198
77911261,350
78016003,100
78016003,2820
78016003,3479
78016003,4017
78016003,4360
78016003,4521
78016003,4602
78016003,4955
78016003,5099
78016003,5250
78016003,5501
78016003,5684
78016003,5765
78099777,142
78109824,191
78141843,103
78141926,194
78141926,356
78242849,169
78242849,835
78256336,107
78331899,112
78434982,117
78534674,163
78549615,169
78588415,115
78599545,153
78644424,186
78644424,771
78815107,185
78855830,198
78860863,126
78860863,207
78872397,107
78876950,171
78908266,124
78908266,205
78908266,477
78908266,1015
78937158,260
78950011,120
78958717,138
78958717,219
78958717,308
78958717,561
78958717,642
78958717,1371
78958717,1614
78958717,2505
78958717,2696
78958717,3404
78958717,3587
78958717,3668
78958717,3749
78977451,170
79012571,104
79014809,122
79066841,151
79094579,159
79233672,105
79460192,179
79460192,1140
79525242,159
79687588,153
79712642,173
79865465,165
79917597,193
79925442,107
79941506,155
80143548,120
80170376,183
80220890,186
80228885,110
80332778,137
80414378,170
80414378,685
80432099,130
80446990,125
80667421,100
80706229,185
80959513,163
80976483,101
80995228,106
81000580,119
81067860,144
81075137,107
81114803,179
81243735,148
81303463,124
81312894,157
81312894,408
81315426,136
81315426,306
81315426,489
81315426,993
81315426,1450
81315426,1531
81315426,2775
81315426,2856
81315426,3070
81315426,3151
81336398,133
81364879,152
81365223,154
81373748,131
81377343,171
81442014,167
81442014,1058
81550691,107
81585671,163
81599359,129
81676124,193
81790578,190
81834152,191
81904948,173
81904948,254
81905176,194
81905176,518
81905176,1409
82015652,164
82089566,104
82423070,117
82446394,170
82472481,100
82508433,117
82563321,169
82576588,190
82595174,109
82618455,130
82618455,563
82637109,107
82637109,1413
82637109,1502
82637174,124
82638644,174
82640558,104
82641325,118
82641606,170
82643537,134
82645862,136
82646332,102
82663337,143
82698085,198
82698085,350
82698085,430
82743287,104
82743287,1429
82743287,3472
82749987,106
82770017,192
82778325,164
82827007,146
82901000,127
82901000,1522
82927385,100
82927385,525
82945932,171
82956889,140
82982075,180
82984287,104
82996521,105
83053660,249
83054478,121
83056804,130
83056804,210
83060012,139
83081786,146
83093021,126
83093021,630
83164806,142
83187930,1367
83187930,1448
83203992,181
83249078,171
83277400,176
83286500,169
83418434,133
83475913,272
83495085,153
83495275,170
83515650,105
83547315,180
83571471,187
83602896,106
83636019,156
83646547,196
83647917,100
83684191,185
83702233,163
83724302,130
83750729,102
83753657,157
83754986,112
83802215,153
83878892,155
84043009,170
84046101,193
84046101,606
84046101,1670
84046101,1750
84046101,2722
84046101,3702
84046101,3966
84046101,4938
84046101,11128
84046101,12523
84046101,15034
84046101,15115
84046101,15620
84046101,24882
84046101,25692
84046101,41388
84046101,42279
84046101,56148
84107697,194
84107697,275
84148436,112
84229624,175
84229889,173
84229889,416
84298926,103
84429737,114
84429737,203
84430149,109
84431154,128
84431352,191
84496066,104
84496066,295
84496066,708
84501873,178
84501873,330
84512037,199
84584994,635
84584994,716
84586833,176
84683374,149
84683374,300
84683408,103
84683556,110
84683556,381
84683671,194
84683887,150
84684620,187
84685106,913
84686443,178
84688589,152
84688589,314
84693183,168
84693183,753
84693183,1059
84695295,158
84709955,102
84823541,100
84823541,371
84869593,117
84933118,2610
84978485,182
85021657,198
85120939,495
85142651,179
85142651,250
85151504,165
85205144,137
85217404,194
85285963,131
85285963,212
85285963,301
85285963,484
85355592,117
85777555,105
85778074,106
85782878,189
85783272,168
86046414,177
86046448,161
86046463,100
86046562,191
86046612,130
86047198,184
86047362,153
86352069,108
86375425,109
86375458,140
86375458,302
86375912,163
86378189,176
86378189,842
86379567,136
86429834,132
86445822,100
86445822,282
86445822,363
86445822,444
86445822,525
86445822,606
86445822,797
86445822,959
86530318,108
86532538,162
87007910,184
87076519,131
87102810,1028
87156352,119
87192928,101
87215281,188
87235172,122
87235297,152
87274817,136
87288940,106
87288940,3121
87315099,107
87315099,875
87315099,1090
87315834,174
87366746,100
87366746,959
87439626,187
87439626,420
87546636,111
87547170,179
87547428,137
87547675,133
87547907,153
87548020,180
87548020,2042
87548814,143
87552170,167
87556650,104
87639761,176
87678934,165
87702528,190
87704128,114
87723474,140
87826541,151
87834883,113
87836292,185
87845368,139
87845368,309
87846796,186
87847711,184
87859278,105
87870952,144
87888772,190
87960167,182
88000955,190
88020102,110
88037668,154
88059654,131
88074364,167
88104328,107
88104328,1502
88113477,124
88124383,150
88174610,152
88209176,107
88221494,185
88242862,171
88250147,180
88259783,173
88301155,109
88301155,1695
88301155,2071
88301155,2152
88301155,2233
88301155,2314
88301155,2586
88301155,2900
88301155,6905
88301163,155
88303375,171
88304001,170
88305719,181
88309620,158
88313853,124
88315379,170
88315379,412
88369889,120
88369889,634
88379771,182
88379771,263
88379771,425
88379771,1588
88379771,1669
88379771,3017
88379771,3602
88379771,3955
88416482,106
88416482,610
88441555,110
88441555,462
88446034,155
88519822,124
88610126,129
88610126,552
88610191,235
88610324,192
88610324,516
88611264,122
88611835,129
88611835,803
88611835,986
88611835,1877
88613658,110
88613856,183
88613856,345
88614342,142
88614342,223
88614938,142
88616313,110
88618285,170
88618285,331
88623996,132
88624242,105
88628243,110
88628805,125
88634977,101
88634977,705
88634977,969
88634977,1850
88658984,143
88664511,159
88670385,145
88674080,101
88674726,150
88709621,190
88766936,179
88818125,174
88833991,134
88849773,198
88887021,111
88979042,167
88985627,190
89042642,167
89086144,116
89086144,540
89086144,1198
89086144,1279
89086672,175
89142103,108
89190235,105
89238133,104
89238711,102
89274120,190
89305197,180
89313720,110
89340921,107
89367809,160
89419873,147
89420590,115
89422042,124
89423040,150
89423040,230
89425888,118
89426415,135
89432702,158
89434336,176
89488316,188
89545511,100
89548523,180
89611909,190
89637490,145
89637490,12666
89637490,12909
89637490,13042
89637490,13123
89637490,13204
89637490,13395
89637490,13476
89637490,13638
89637490,13719
89637490,13980
89637490,14448
89637490,14952
89637490,15177
89637490,15924
89637490,16572
89637490,16653
89637490,16734
89637490,16815
89637490,17030
89637490,17200
89637490,17382
89673164,193
89674782,158
89674782,409
89674782,1049
89674782,1200
89674782,1391
89674782,1472
89674782,1553
89674782,1634
89716583,165
89723837,172
89723845,119
89723977,140
89724447,117
89724447,1008
89729156,383
89729156,464
89729867,196
89738173,115
89772065,169
89790356,180
89822530,129
89850341,160
89850341,1212
89850341,1484
89850341,1646
89886444,180
89890792,120
89962294,146
90022930,139
90049289,126
90049792,181
90050238,114
90051160,152
90058082,118
90063470,197
90064288,150
90102609,164
90102609,911
90157108,185
90228214,102
90236621,161
90260985,187
90272337,140
90285958,169
90286139,136
90295338,100
90309188,147
90312133,196
90312133,439
90312885,157
90314758,197
90333758,134
90347840,118
90347840,380
90347840,460
90347840,541
90347840,622
90347840,703
90347840,894
90347840,975
90347840,1009
90347840,1190
90347840,1270
90347840,1351
90347840,1432
90347840,1513
90347840,1602
90347840,1785
90347840,1866
90347840,2080
90347840,2242
90347840,2323
90347840,2404
90347840,2595
90347840,2676
90347840,2757
90347840,2838
90347840,2919
90347840,3052
90347840,3214
90347840,3303
90347840,3486
90347840,3648
90347840,3729
90347840,3800
90347840,4024
90347840,4105
90347840,4296
90347840,4377
90347840,4458
90347840,4539
90347840,4610
90347840,4709
90347840,4881
90347840,5187
90347840,5268
90347840,5349
90347840,5420
90347840,5772
90347840,5934
90347840,6078
90347840,6159
90347840,6230
90347840,6310
90347840,6400
90347840,6582
90347840,6663
90347840,6744
90347840,6906
90347840,7040
90347840,7201
90347840,7473
90347840,7554
90347840,7716
90377037,126
90441460,148
90445206,118
90446048,110
90463704,436
90492695,169
90771833,149
90804378,130
90810706,101
90810706,373
90810706,2821
90810706,3984
90815150,146
90816133,123
90816133,557
90852914,173
90852914,335
90976853,156
91013698,135
91068825,101
91154666,150
91155259,167
91302349,133
91302349,800
91302349,1105
91302349,1377
91302349,1458
91302349,1610
91359711,102
91374561,106
91404251,197
91409698,159
91437418,116
91473678,147
91495226,166
91495499,100
91495499,453
91495499,615
91505230,168
91669242,128
91672865,150
91678342,110
91678342,463
91681973,199
91687160,106
91704023,132
91704023,213
91704023,485
91704023,809
91704023,1023
91704023,1295
91704023,1376
91704023,1619
91879718,155
91894774,169
91894774,1483
91894774,2021
91894774,2293
91894774,2617
91897876,138
91913681,134
91936005,186
91982199,156
92038108,191
92038108,353
92038108,434
92038108,515
92080035,104
92080035,872
92088509,156
92253095,173
92260371,120
92265552,140
92315332,183
92320233,190
92327410,160
92639954,167
92660604,182
92660604,263
92660604,1154
92660604,1316
92660604,11893
92660604,11974
92660604,12784
92660604,12865
92660604,13160
92660604,13241
92660604,13756
92660604,13837
92660604,13918
92660604,14132
92660604,14213
92660604,14728
92660604,15295
92660604,15457
92660604,15538
92660604,15619
92660604,15708
92660604,16186
92660604,16429
92660604,16771
92660604,16852
92660604,16933
92660604,17077
92660604,17158
92660604,17239
92660604,17409
92660604,17581
92660604,17743
92660604,17824
92660604,17905
92670801,182
92678093,126
92679331,118
92690700,173
92690700,254
92690700,1307
92693019,189
92695691,103
92697010,146
92697010,731
92715812,131
92724145,153
92724517,141
92750629,177
92751858,378
92751858,882
92752468,150
92753268,112
92758788,118
92765833,161
92780634,122
92781335,102
92782366,188
92782705,126
92783182,132
92787050,189
92791243,294
92794437,162
92794437,243
92795368,101
92802784,190
92833946,157
92859974,143
92911932,104
92989219,183
93117125,187
93211084,274
93211084,355
93211084,436
93211084,606
93234789,126
93273985,100
93439396,159
93586303,119
93586303,1352
93586303,1433
93586303,1603
93586303,1948
93586303,2243
93586303,2324
93586303,2677
93586303,2758
93586303,2839
93682854,186
93896397,122
93973329,110
93993731,166
94048832,121
94048832,202
94261534,115
94316999,126
94319555,144
94495637,140
94638392,162
94753274,103
94845674,130
94846599,122
95313771,145
95323994,193
95387569,168
95410163,310
95422218,140
95422697,103
95425534,176
95425534,842
95426862,197
95433231,103
95822003,117
95837316,149
96198239,197
96206313,170
96261607,102
96261607,447
96299219,102
96368816,222
96368816,303
96551445,139
96734892,123
96735162,147
96736350,190
97191688,176
97191902,194
97191902,518
97191902,780
97191902,860
97191902,1085
97275978,106
97318943,107
97748917,100
97748958,105
97748958,3031
97755177,130
97755177,300
97755177,1020
97755177,2345
97837181,147
97837181,1119
97837181,1542
97837181,2948
97837181,3243
97837181,3910
97969620,175
97969810,192
